{
   "Massachusetts": {
      "Median Income": "$68,545 ",
      "Total Households": "2,538,485",
      "$14,999\n and under": "286,890",
      "<$14,999 %": "11.30%",
      "$15,000 to\n$24,999": "219,986",
      "$15,000-$24,999 %": "8.70%",
      "$25,000 to\n$34,999": "196,879",
      "$25,000-$34,999 %": "7.80%",
      "$35,000 to\n$49,999": "267,241",
      "$35,000-$49,999 %": "10.50%",
      "$50,000 to\n$74,999": "402,049",
      "$50,000-$74,999 %": "15.80%",
      "$75,000 to\n$99,999": "322,545",
      "$75,000-$99,999 %": "12.70%",
      "$100,000 to\n$149,999": "426,367",
      "$100,000-$149,000 %": "16.80%",
      "$150,000 +": "416,528",
      ">=$150,000 %": "16.40%"
   },
   "Boston": {
      "Median Income": "$55,448 ",
      "Total Households": "251,212",
      "$14,999\n and under": "48,910",
      "<$14,999 %": "19.50%",
      "$15,000 to\n$24,999": "24,321",
      "$15,000-$24,999 %": "9.70%",
      "$25,000 to\n$34,999": "18,605",
      "$25,000-$34,999 %": "7.40%",
      "$35,000 to\n$49,999": "25,659",
      "$35,000-$49,999 %": "10.20%",
      "$50,000 to\n$74,999": "37,221",
      "$50,000-$74,999 %": "14.80%",
      "$75,000 to\n$99,999": "26,741",
      "$75,000-$99,999 %": "10.60%",
      "$100,000 to\n$149,999": "34,358",
      "$100,000-$149,000 %": "13.70%",
      "$150,000 +": "35,397",
      ">=$150,000 %": "14.10%"
   },
   "Allston": {
      "Median Income": "$34,855 ",
      "Total Households": "6,420",
      "$14,999\n and under": "1,814",
      "<$14,999 %": "28.30%",
      "$15,000 to\n$24,999": "715",
      "$15,000-$24,999 %": "11.10%",
      "$25,000 to\n$34,999": "691",
      "$25,000-$34,999 %": "10.80%",
      "$35,000 to\n$49,999": "610",
      "$35,000-$49,999 %": "9.50%",
      "$50,000 to\n$74,999": "845",
      "$50,000-$74,999 %": "13.20%",
      "$75,000 to\n$99,999": "713",
      "$75,000-$99,999 %": "11.10%",
      "$100,000 to\n$149,999": "641",
      "$100,000-$149,000 %": "10.00%",
      "$150,000 +": "391",
      ">=$150,000 %": "6.10%"
   },
   "Back Bay": {
      "Median Income": "$92,553 ",
      "Total Households": "9,723",
      "$14,999\n and under": "1,463",
      "<$14,999 %": "15.00%",
      "$15,000 to\n$24,999": "410",
      "$15,000-$24,999 %": "4.20%",
      "$25,000 to\n$34,999": "403",
      "$25,000-$34,999 %": "4.10%",
      "$35,000 to\n$49,999": "551",
      "$35,000-$49,999 %": "5.70%",
      "$50,000 to\n$74,999": "1,279",
      "$50,000-$74,999 %": "13.20%",
      "$75,000 to\n$99,999": "1,076",
      "$75,000-$99,999 %": "11.10%",
      "$100,000 to\n$149,999": "1,623",
      "$100,000-$149,000 %": "16.70%",
      "$150,000 +": "2,918",
      ">=$150,000 %": "30.00%"
   },
   "Beacon Hill": {
      "Median Income": "$87,206 ",
      "Total Households": "5,485",
      "$14,999\n and under": "495",
      "<$14,999 %": "9.00%",
      "$15,000 to\n$24,999": "260",
      "$15,000-$24,999 %": "4.70%",
      "$25,000 to\n$34,999": "239",
      "$25,000-$34,999 %": "4.40%",
      "$35,000 to\n$49,999": "557",
      "$35,000-$49,999 %": "10.20%",
      "$50,000 to\n$74,999": "756",
      "$50,000-$74,999 %": "13.80%",
      "$75,000 to\n$99,999": "892",
      "$75,000-$99,999 %": "16.30%",
      "$100,000 to\n$149,999": "1,060",
      "$100,000-$149,000 %": "19.30%",
      "$150,000 +": "1,226",
      ">=$150,000 %": "22.40%"
   },
   "Brighton": {
      "Median Income": "$45,984 ",
      "Total Households": "19,952",
      "$14,999\n and under": "4,682",
      "<$14,999 %": "23.50%",
      "$15,000 to\n$24,999": "2,073",
      "$15,000-$24,999 %": "10.40%",
      "$25,000 to\n$34,999": "1,618",
      "$25,000-$34,999 %": "8.10%",
      "$35,000 to\n$49,999": "2,189",
      "$35,000-$49,999 %": "11.00%",
      "$50,000 to\n$74,999": "3,545",
      "$50,000-$74,999 %": "17.80%",
      "$75,000 to\n$99,999": "1,887",
      "$75,000-$99,999 %": "9.50%",
      "$100,000 to\n$149,999": "2,340",
      "$100,000-$149,000 %": "11.70%",
      "$150,000 +": "1,618",
      ">=$150,000 %": "8.10%"
   },
   "Charlestown": {
      "Median Income": "$91,612 ",
      "Total Households": "8,392",
      "$14,999\n and under": "1,339",
      "<$14,999 %": "16.00%",
      "$15,000 to\n$24,999": "634",
      "$15,000-$24,999 %": "7.60%",
      "$25,000 to\n$34,999": "357",
      "$25,000-$34,999 %": "4.30%",
      "$35,000 to\n$49,999": "576",
      "$35,000-$49,999 %": "6.90%",
      "$50,000 to\n$74,999": "781",
      "$50,000-$74,999 %": "9.30%",
      "$75,000 to\n$99,999": "766",
      "$75,000-$99,999 %": "9.10%",
      "$100,000 to\n$149,999": "1,334",
      "$100,000-$149,000 %": "15.90%",
      "$150,000 +": "2,605",
      ">=$150,000 %": "31.00%"
   },
   "Dorchester": {
      "Median Income": "$46,769 ",
      "Total Households": "42,340",
      "$14,999\n and under": "8,961",
      "<$14,999 %": "21.20%",
      "$15,000 to\n$24,999": "4,662",
      "$15,000-$24,999 %": "11.00%",
      "$25,000 to\n$34,999": "3,525",
      "$25,000-$34,999 %": "8.30%",
      "$35,000 to\n$49,999": "5,126",
      "$35,000-$49,999 %": "12.10%",
      "$50,000 to\n$74,999": "7,186",
      "$50,000-$74,999 %": "17.00%",
      "$75,000 to\n$99,999": "4,561",
      "$75,000-$99,999 %": "10.80%",
      "$100,000 to\n$149,999": "5,199",
      "$100,000-$149,000 %": "12.30%",
      "$150,000 +": "3,120",
      ">=$150,000 %": "7.40%"
   },
   "Downtown": {
      "Median Income": "$61,477 ",
      "Total Households": "7,150",
      "$14,999\n and under": "1,712",
      "<$14,999 %": "23.90%",
      "$15,000 to\n$24,999": "692",
      "$15,000-$24,999 %": "9.70%",
      "$25,000 to\n$34,999": "405",
      "$25,000-$34,999 %": "5.70%",
      "$35,000 to\n$49,999": "491",
      "$35,000-$49,999 %": "6.90%",
      "$50,000 to\n$74,999": "599",
      "$50,000-$74,999 %": "8.40%",
      "$75,000 to\n$99,999": "419",
      "$75,000-$99,999 %": "5.90%",
      "$100,000 to\n$149,999": "837",
      "$100,000-$149,000 %": "11.70%",
      "$150,000 +": "1,995",
      ">=$150,000 %": "27.90%"
   },
   "East Boston": {
      "Median Income": "$50,385 ",
      "Total Households": "15,453",
      "$14,999\n and under": "2,283",
      "<$14,999 %": "14.80%",
      "$15,000 to\n$24,999": "1,835",
      "$15,000-$24,999 %": "11.90%",
      "$25,000 to\n$34,999": "1,605",
      "$25,000-$34,999 %": "10.40%",
      "$35,000 to\n$49,999": "1,959",
      "$35,000-$49,999 %": "12.70%",
      "$50,000 to\n$74,999": "2,890",
      "$50,000-$74,999 %": "18.70%",
      "$75,000 to\n$99,999": "1,910",
      "$75,000-$99,999 %": "12.40%",
      "$100,000 to\n$149,999": "2,120",
      "$100,000-$149,000 %": "13.70%",
      "$150,000 +": "851",
      ">=$150,000 %": "5.50%"
   },
   "Fenway": {
      "Median Income": "$29,758 ",
      "Total Households": "11,267",
      "$14,999\n and under": "4,150",
      "<$14,999 %": "36.80%",
      "$15,000 to\n$24,999": "1,119",
      "$15,000-$24,999 %": "9.90%",
      "$25,000 to\n$34,999": "766",
      "$25,000-$34,999 %": "6.80%",
      "$35,000 to\n$49,999": "995",
      "$35,000-$49,999 %": "8.80%",
      "$50,000 to\n$74,999": "1,743",
      "$50,000-$74,999 %": "15.50%",
      "$75,000 to\n$99,999": "768",
      "$75,000-$99,999 %": "6.80%",
      "$100,000 to\n$149,999": "851",
      "$100,000-$149,000 %": "7.60%",
      "$150,000 +": "875",
      ">=$150,000 %": "7.80%"
   },
   "Harbor Islands": {
      "Median Income": "-",
      "Total Households": "-",
      "$14,999\n and under": "-",
      "<$14,999 %": "-",
      "$15,000 to\n$24,999": "-",
      "$15,000-$24,999 %": "-",
      "$25,000 to\n$34,999": "-",
      "$25,000-$34,999 %": "-",
      "$35,000 to\n$49,999": "-",
      "$35,000-$49,999 %": "-",
      "$50,000 to\n$74,999": "-",
      "$50,000-$74,999 %": "-",
      "$75,000 to\n$99,999": "-",
      "$75,000-$99,999 %": "-",
      "$100,000 to\n$149,999": "-",
      "$100,000-$149,000 %": "-",
      "$150,000 +": "-",
      ">=$150,000 %": "-"
   },
   "Hyde Park": {
      "Median Income": "$63,106 ",
      "Total Households": "12,119",
      "$14,999\n and under": "1,269",
      "<$14,999 %": "10.50%",
      "$15,000 to\n$24,999": "992",
      "$15,000-$24,999 %": "8.20%",
      "$25,000 to\n$34,999": "1,173",
      "$25,000-$34,999 %": "9.70%",
      "$35,000 to\n$49,999": "1,468",
      "$35,000-$49,999 %": "12.10%",
      "$50,000 to\n$74,999": "2,208",
      "$50,000-$74,999 %": "18.20%",
      "$75,000 to\n$99,999": "1,755",
      "$75,000-$99,999 %": "14.50%",
      "$100,000 to\n$149,999": "2,003",
      "$100,000-$149,000 %": "16.50%",
      "$150,000 +": "1,251",
      ">=$150,000 %": "10.30%"
   },
   "Jamaica Plain": {
      "Median Income": "$76,293 ",
      "Total Households": "15,492",
      "$14,999\n and under": "2,232",
      "<$14,999 %": "14.40%",
      "$15,000 to\n$24,999": "956",
      "$15,000-$24,999 %": "6.20%",
      "$25,000 to\n$34,999": "953",
      "$25,000-$34,999 %": "6.20%",
      "$35,000 to\n$49,999": "1,315",
      "$35,000-$49,999 %": "8.50%",
      "$50,000 to\n$74,999": "2,175",
      "$50,000-$74,999 %": "14.00%",
      "$75,000 to\n$99,999": "2,223",
      "$75,000-$99,999 %": "14.30%",
      "$100,000 to\n$149,999": "2,957",
      "$100,000-$149,000 %": "19.10%",
      "$150,000 +": "2,681",
      ">=$150,000 %": "17.30%"
   },
   "Longwood": {
      "Median Income": "$32,375 ",
      "Total Households": "275",
      "$14,999\n and under": "98",
      "<$14,999 %": "35.60%",
      "$15,000 to\n$24,999": "10",
      "$15,000-$24,999 %": "3.60%",
      "$25,000 to\n$34,999": "40",
      "$25,000-$34,999 %": "14.50%",
      "$35,000 to\n$49,999": "30",
      "$35,000-$49,999 %": "10.90%",
      "$50,000 to\n$74,999": "39",
      "$50,000-$74,999 %": "14.20%",
      "$75,000 to\n$99,999": "11",
      "$75,000-$99,999 %": "4.00%",
      "$100,000 to\n$149,999": "26",
      "$100,000-$149,000 %": "9.50%",
      "$150,000 +": "21",
      ">=$150,000 %": "7.60%"
   },
   "Mattapan": {
      "Median Income": "$42,206 ",
      "Total Households": "8,338",
      "$14,999\n and under": "1,603",
      "<$14,999 %": "19.20%",
      "$15,000 to\n$24,999": "1,293",
      "$15,000-$24,999 %": "15.50%",
      "$25,000 to\n$34,999": "649",
      "$25,000-$34,999 %": "7.80%",
      "$35,000 to\n$49,999": "1,299",
      "$35,000-$49,999 %": "15.60%",
      "$50,000 to\n$74,999": "1,526",
      "$50,000-$74,999 %": "18.30%",
      "$75,000 to\n$99,999": "832",
      "$75,000-$99,999 %": "10.00%",
      "$100,000 to\n$149,999": "714",
      "$100,000-$149,000 %": "8.60%",
      "$150,000 +": "422",
      ">=$150,000 %": "5.10%"
   },
   "Mission Hill": {
      "Median Income": "$35,020 ",
      "Total Households": "6,218",
      "$14,999\n and under": "1,828",
      "<$14,999 %": "29.40%",
      "$15,000 to\n$24,999": "718",
      "$15,000-$24,999 %": "11.50%",
      "$25,000 to\n$34,999": "562",
      "$25,000-$34,999 %": "9.00%",
      "$35,000 to\n$49,999": "741",
      "$35,000-$49,999 %": "11.90%",
      "$50,000 to\n$74,999": "917",
      "$50,000-$74,999 %": "14.70%",
      "$75,000 to\n$99,999": "516",
      "$75,000-$99,999 %": "8.30%",
      "$100,000 to\n$149,999": "473",
      "$100,000-$149,000 %": "7.60%",
      "$150,000 +": "463",
      ">=$150,000 %": "7.40%"
   },
   "North End": {
      "Median Income": "$77,335 ",
      "Total Households": "5,275",
      "$14,999\n and under": "454",
      "<$14,999 %": "8.60%",
      "$15,000 to\n$24,999": "409",
      "$15,000-$24,999 %": "7.80%",
      "$25,000 to\n$34,999": "363",
      "$25,000-$34,999 %": "6.90%",
      "$35,000 to\n$49,999": "446",
      "$35,000-$49,999 %": "8.50%",
      "$50,000 to\n$74,999": "889",
      "$50,000-$74,999 %": "16.90%",
      "$75,000 to\n$99,999": "819",
      "$75,000-$99,999 %": "15.50%",
      "$100,000 to\n$149,999": "980",
      "$100,000-$149,000 %": "18.60%",
      "$150,000 +": "915",
      ">=$150,000 %": "17.30%"
   },
   "Roslindale": {
      "Median Income": "$67,423 ",
      "Total Households": "10,696",
      "$14,999\n and under": "1,345",
      "<$14,999 %": "12.60%",
      "$15,000 to\n$24,999": "895",
      "$15,000-$24,999 %": "8.40%",
      "$25,000 to\n$34,999": "634",
      "$25,000-$34,999 %": "5.90%",
      "$35,000 to\n$49,999": "1,361",
      "$35,000-$49,999 %": "12.70%",
      "$50,000 to\n$74,999": "1,597",
      "$50,000-$74,999 %": "14.90%",
      "$75,000 to\n$99,999": "1,361",
      "$75,000-$99,999 %": "12.70%",
      "$100,000 to\n$149,999": "1,883",
      "$100,000-$149,000 %": "17.60%",
      "$150,000 +": "1,620",
      ">=$150,000 %": "15.10%"
   },
   "Roxbury": {
      "Median Income": "$25,254 ",
      "Total Households": "18,205",
      "$14,999\n and under": "6,333",
      "<$14,999 %": "34.80%",
      "$15,000 to\n$24,999": "2,721",
      "$15,000-$24,999 %": "14.90%",
      "$25,000 to\n$34,999": "1,913",
      "$25,000-$34,999 %": "10.50%",
      "$35,000 to\n$49,999": "2,081",
      "$35,000-$49,999 %": "11.40%",
      "$50,000 to\n$74,999": "2,125",
      "$50,000-$74,999 %": "11.70%",
      "$75,000 to\n$99,999": "1,270",
      "$75,000-$99,999 %": "7.00%",
      "$100,000 to\n$149,999": "1,195",
      "$100,000-$149,000 %": "6.60%",
      "$150,000 +": "567",
      ">=$150,000 %": "3.10%"
   },
   "South Boston": {
      "Median Income": "$73,485 ",
      "Total Households": "15,385",
      "$14,999\n and under": "2,260",
      "<$14,999 %": "14.70%",
      "$15,000 to\n$24,999": "1,160",
      "$15,000-$24,999 %": "7.50%",
      "$25,000 to\n$34,999": "1,085",
      "$25,000-$34,999 %": "7.10%",
      "$35,000 to\n$49,999": "1,180",
      "$35,000-$49,999 %": "7.70%",
      "$50,000 to\n$74,999": "2,137",
      "$50,000-$74,999 %": "13.90%",
      "$75,000 to\n$99,999": "1,641",
      "$75,000-$99,999 %": "10.70%",
      "$100,000 to\n$149,999": "2,720",
      "$100,000-$149,000 %": "17.70%",
      "$150,000 +": "3,202",
      ">=$150,000 %": "20.80%"
   },
   "South Boston Waterfront": {
      "Median Income": "$102,148 ",
      "Total Households": "1,342",
      "$14,999\n and under": "95",
      "<$14,999 %": "7.10%",
      "$15,000 to\n$24,999": "64",
      "$15,000-$24,999 %": "4.80%",
      "$25,000 to\n$34,999": "0",
      "$25,000-$34,999 %": "0.00%",
      "$35,000 to\n$49,999": "121",
      "$35,000-$49,999 %": "9.00%",
      "$50,000 to\n$74,999": "184",
      "$50,000-$74,999 %": "13.70%",
      "$75,000 to\n$99,999": "196",
      "$75,000-$99,999 %": "14.60%",
      "$100,000 to\n$149,999": "256",
      "$100,000-$149,000 %": "19.10%",
      "$150,000 +": "426",
      ">=$150,000 %": "31.70%"
   },
   "South End": {
      "Median Income": "$76,175 ",
      "Total Households": "15,764",
      "$14,999\n and under": "3,031",
      "<$14,999 %": "19.20%",
      "$15,000 to\n$24,999": "1,356",
      "$15,000-$24,999 %": "8.60%",
      "$25,000 to\n$34,999": "637",
      "$25,000-$34,999 %": "4.00%",
      "$35,000 to\n$49,999": "1,160",
      "$35,000-$49,999 %": "7.40%",
      "$50,000 to\n$74,999": "1,643",
      "$50,000-$74,999 %": "10.40%",
      "$75,000 to\n$99,999": "1,170",
      "$75,000-$99,999 %": "7.40%",
      "$100,000 to\n$149,999": "2,257",
      "$100,000-$149,000 %": "14.30%",
      "$150,000 +": "4,510",
      ">=$150,000 %": "28.60%"
   },
   "West End": {
      "Median Income": "$93,545 ",
      "Total Households": "2,956",
      "$14,999\n and under": "383",
      "<$14,999 %": "13.00%",
      "$15,000 to\n$24,999": "226",
      "$15,000-$24,999 %": "7.60%",
      "$25,000 to\n$34,999": "184",
      "$25,000-$34,999 %": "6.20%",
      "$35,000 to\n$49,999": "106",
      "$35,000-$49,999 %": "3.60%",
      "$50,000 to\n$74,999": "375",
      "$50,000-$74,999 %": "12.70%",
      "$75,000 to\n$99,999": "275",
      "$75,000-$99,999 %": "9.30%",
      "$100,000 to\n$149,999": "496",
      "$100,000-$149,000 %": "16.80%",
      "$150,000 +": "911",
      ">=$150,000 %": "30.80%"
   },
   "West Roxbury": {
      "Median Income": "$80,945 ",
      "Total Households": "12,965",
      "$14,999\n and under": "1,080",
      "<$14,999 %": "8.30%",
      "$15,000 to\n$24,999": "1,121",
      "$15,000-$24,999 %": "8.60%",
      "$25,000 to\n$34,999": "803",
      "$25,000-$34,999 %": "6.20%",
      "$35,000 to\n$49,999": "1,297",
      "$35,000-$49,999 %": "10.00%",
      "$50,000 to\n$74,999": "1,782",
      "$50,000-$74,999 %": "13.70%",
      "$75,000 to\n$99,999": "1,680",
      "$75,000-$99,999 %": "13.00%",
      "$100,000 to\n$149,999": "2,393",
      "$100,000-$149,000 %": "18.50%",
      "$150,000 +": "2,809",
      ">=$150,000 %": "21.70%"
   }
}