{
   "Massachusetts": {
      "Workers 16\nyears and over": "3,284,998",
      "Worked \nat home": "145,980",
      "Worked at home %": "4.40%",
      "Car, truck, or van": "2,618,811",
      "Car, truck, or van %": "79.70%",
      "Bus or trol-\nley bus": "108,233",
      "Bus or trolley %": "3.30%",
      "Subway or\n elevated": "139,245",
      "Subway or elevated %": "4.20%",
      "Railroad": "53,211",
      "Railroad %": "1.60%",
      "Bicycle": "24,645",
      "Bicycle %": "0.80%",
      "Walked": "155,546",
      "Walked %": "4.70%",
      "Other": "39,327",
      "Other %": "1.20%"
   },
   "Boston": {
      "Workers 16\nyears and over": "327,640",
      "Worked \nat home": "12,011",
      "Worked at home %": "3.70%",
      "Car, truck, or van": "149,078",
      "Car, truck, or van %": "45.50%",
      "Bus or trol-\nley bus": "44,228",
      "Bus or trolley %": "13.50%",
      "Subway or\n elevated": "57,714",
      "Subway or elevated %": "17.60%",
      "Railroad": "3,790",
      "Railroad %": "1.20%",
      "Bicycle": "6,339",
      "Bicycle %": "1.90%",
      "Walked": "48,095",
      "Walked %": "14.70%",
      "Other": "6,385",
      "Other %": "1.90%"
   },
   "Allston": {
      "Workers 16\nyears and over": "10,126",
      "Worked \nat home": "460",
      "Worked at home %": "4.50%",
      "Car, truck, or van": "2,776",
      "Car, truck, or van %": "27.40%",
      "Bus or trol-\nley bus": "1,546",
      "Bus or trolley %": "15.30%",
      "Subway or\n elevated": "1,850",
      "Subway or elevated %": "18.30%",
      "Railroad": "20",
      "Railroad %": "0.20%",
      "Bicycle": "448",
      "Bicycle %": "4.40%",
      "Walked": "2,509",
      "Walked %": "24.80%",
      "Other": "517",
      "Other %": "5.10%"
   },
   "Back Bay": {
      "Workers 16\nyears and over": "10,730",
      "Worked \nat home": "717",
      "Worked at home %": "6.70%",
      "Car, truck, or van": "3,437",
      "Car, truck, or van %": "32.00%",
      "Bus or trol-\nley bus": "406",
      "Bus or trolley %": "3.80%",
      "Subway or\n elevated": "1,957",
      "Subway or elevated %": "18.20%",
      "Railroad": "178",
      "Railroad %": "1.70%",
      "Bicycle": "262",
      "Bicycle %": "2.40%",
      "Walked": "3,387",
      "Walked %": "31.60%",
      "Other": "386",
      "Other %": "3.60%"
   },
   "Beacon Hill": {
      "Workers 16\nyears and over": "6,537",
      "Worked \nat home": "321",
      "Worked at home %": "4.90%",
      "Car, truck, or van": "1,087",
      "Car, truck, or van %": "16.60%",
      "Bus or trol-\nley bus": "295",
      "Bus or trolley %": "4.50%",
      "Subway or\n elevated": "1,081",
      "Subway or elevated %": "16.50%",
      "Railroad": "112",
      "Railroad %": "1.70%",
      "Bicycle": "123",
      "Bicycle %": "1.90%",
      "Walked": "3,436",
      "Walked %": "52.60%",
      "Other": "82",
      "Other %": "1.30%"
   },
   "Brighton": {
      "Workers 16\nyears and over": "24,959",
      "Worked \nat home": "1,422",
      "Worked at home %": "5.70%",
      "Car, truck, or van": "11,901",
      "Car, truck, or van %": "47.70%",
      "Bus or trol-\nley bus": "3,366",
      "Bus or trolley %": "13.50%",
      "Subway or\n elevated": "3,785",
      "Subway or elevated %": "15.20%",
      "Railroad": "78",
      "Railroad %": "0.30%",
      "Bicycle": "543",
      "Bicycle %": "2.20%",
      "Walked": "2,643",
      "Walked %": "10.60%",
      "Other": "1,221",
      "Other %": "4.90%"
   },
   "Charlestown": {
      "Workers 16\nyears and over": "10,364",
      "Worked \nat home": "497",
      "Worked at home %": "4.80%",
      "Car, truck, or van": "5,555",
      "Car, truck, or van %": "53.60%",
      "Bus or trol-\nley bus": "1,395",
      "Bus or trolley %": "13.50%",
      "Subway or\n elevated": "1,200",
      "Subway or elevated %": "11.60%",
      "Railroad": "97",
      "Railroad %": "0.90%",
      "Bicycle": "184",
      "Bicycle %": "1.80%",
      "Walked": "1,271",
      "Walked %": "12.30%",
      "Other": "165",
      "Other %": "1.60%"
   },
   "Dorchester": {
      "Workers 16\nyears and over": "55,634",
      "Worked \nat home": "955",
      "Worked at home %": "1.70%",
      "Car, truck, or van": "31,319",
      "Car, truck, or van %": "56.30%",
      "Bus or trol-\nley bus": "10,550",
      "Bus or trolley %": "19.00%",
      "Subway or\n elevated": "8,865",
      "Subway or elevated %": "15.90%",
      "Railroad": "389",
      "Railroad %": "0.70%",
      "Bicycle": "415",
      "Bicycle %": "0.70%",
      "Walked": "2,279",
      "Walked %": "4.10%",
      "Other": "862",
      "Other %": "1.50%"
   },
   "Downtown": {
      "Workers 16\nyears and over": "8,445",
      "Worked \nat home": "623",
      "Worked at home %": "7.40%",
      "Car, truck, or van": "1,639",
      "Car, truck, or van %": "19.40%",
      "Bus or trol-\nley bus": "212",
      "Bus or trolley %": "2.50%",
      "Subway or\n elevated": "1,157",
      "Subway or elevated %": "13.70%",
      "Railroad": "97",
      "Railroad %": "1.10%",
      "Bicycle": "71",
      "Bicycle %": "0.80%",
      "Walked": "4,462",
      "Walked %": "52.80%",
      "Other": "184",
      "Other %": "2.20%"
   },
   "East Boston": {
      "Workers 16\nyears and over": "23,806",
      "Worked \nat home": "357",
      "Worked at home %": "1.50%",
      "Car, truck, or van": "8,198",
      "Car, truck, or van %": "34.40%",
      "Bus or trol-\nley bus": "1,518",
      "Bus or trolley %": "6.40%",
      "Subway or\n elevated": "12,082",
      "Subway or elevated %": "50.80%",
      "Railroad": "162",
      "Railroad %": "0.70%",
      "Bicycle": "63",
      "Bicycle %": "0.30%",
      "Walked": "1,140",
      "Walked %": "4.80%",
      "Other": "286",
      "Other %": "1.20%"
   },
   "Fenway": {
      "Workers 16\nyears and over": "14,974",
      "Worked \nat home": "850",
      "Worked at home %": "5.70%",
      "Car, truck, or van": "2,351",
      "Car, truck, or van %": "15.70%",
      "Bus or trol-\nley bus": "1,260",
      "Bus or trolley %": "8.40%",
      "Subway or\n elevated": "2,755",
      "Subway or elevated %": "18.40%",
      "Railroad": "10",
      "Railroad %": "0.10%",
      "Bicycle": "379",
      "Bicycle %": "2.50%",
      "Walked": "6,924",
      "Walked %": "46.20%",
      "Other": "445",
      "Other %": "3.00%"
   },
   "Hyde Park": {
      "Workers 16\nyears and over": "16,730",
      "Worked \nat home": "507",
      "Worked at home %": "3.00%",
      "Car, truck, or van": "12,190",
      "Car, truck, or van %": "72.90%",
      "Bus or trol-\nley bus": "1,645",
      "Bus or trolley %": "9.80%",
      "Subway or\n elevated": "1,233",
      "Subway or elevated %": "7.40%",
      "Railroad": "509",
      "Railroad %": "3.00%",
      "Bicycle": "46",
      "Bicycle %": "0.30%",
      "Walked": "483",
      "Walked %": "2.90%",
      "Other": "117",
      "Other %": "0.70%"
   },
   "Jamaica Plain": {
      "Workers 16\nyears and over": "22,821",
      "Worked \nat home": "1,082",
      "Worked at home %": "4.70%",
      "Car, truck, or van": "9,412",
      "Car, truck, or van %": "41.20%",
      "Bus or trol-\nley bus": "2,756",
      "Bus or trolley %": "12.10%",
      "Subway or\n elevated": "6,359",
      "Subway or elevated %": "27.90%",
      "Railroad": "245",
      "Railroad %": "1.10%",
      "Bicycle": "1,448",
      "Bicycle %": "6.30%",
      "Walked": "1,179",
      "Walked %": "5.20%",
      "Other": "340",
      "Other %": "1.50%"
   },
   "Longwood": {
      "Workers 16\nyears and over": "2,151",
      "Worked \nat home": "222",
      "Worked at home %": "10.30%",
      "Car, truck, or van": "271",
      "Car, truck, or van %": "12.60%",
      "Bus or trol-\nley bus": "138",
      "Bus or trolley %": "6.40%",
      "Subway or\n elevated": "284",
      "Subway or elevated %": "13.20%",
      "Railroad": "15",
      "Railroad %": "0.70%",
      "Bicycle": "30",
      "Bicycle %": "1.40%",
      "Walked": "1,167",
      "Walked %": "54.30%",
      "Other": "24",
      "Other %": "1.10%"
   },
   "Mattapan": {
      "Workers 16\nyears and over": "10,629",
      "Worked \nat home": "248",
      "Worked at home %": "2.30%",
      "Car, truck, or van": "5,900",
      "Car, truck, or van %": "55.50%",
      "Bus or trol-\nley bus": "2,334",
      "Bus or trolley %": "22.00%",
      "Subway or\n elevated": "1,477",
      "Subway or elevated %": "13.90%",
      "Railroad": "106",
      "Railroad %": "1.00%",
      "Bicycle": "7",
      "Bicycle %": "0.10%",
      "Walked": "346",
      "Walked %": "3.30%",
      "Other": "211",
      "Other %": "2.00%"
   },
   "Mission Hill": {
      "Workers 16\nyears and over": "8,498",
      "Worked \nat home": "220",
      "Worked at home %": "2.60%",
      "Car, truck, or van": "2,094",
      "Car, truck, or van %": "24.60%",
      "Bus or trol-\nley bus": "1,471",
      "Bus or trolley %": "17.30%",
      "Subway or\n elevated": "1,613",
      "Subway or elevated %": "19.00%",
      "Railroad": "85",
      "Railroad %": "1.00%",
      "Bicycle": "585",
      "Bicycle %": "6.90%",
      "Walked": "2,275",
      "Walked %": "26.80%",
      "Other": "155",
      "Other %": "1.80%"
   },
   "North End": {
      "Workers 16\nyears and over": "6,820",
      "Worked \nat home": "214",
      "Worked at home %": "3.10%",
      "Car, truck, or van": "1,673",
      "Car, truck, or van %": "24.50%",
      "Bus or trol-\nley bus": "141",
      "Bus or trolley %": "2.10%",
      "Subway or\n elevated": "1,182",
      "Subway or elevated %": "17.30%",
      "Railroad": "47",
      "Railroad %": "0.70%",
      "Bicycle": "156",
      "Bicycle %": "2.30%",
      "Walked": "3,322",
      "Walked %": "48.70%",
      "Other": "85",
      "Other %": "1.20%"
   },
   "Roslindale": {
      "Workers 16\nyears and over": "14,957",
      "Worked \nat home": "568",
      "Worked at home %": "3.80%",
      "Car, truck, or van": "9,840",
      "Car, truck, or van %": "65.80%",
      "Bus or trol-\nley bus": "1,558",
      "Bus or trolley %": "10.40%",
      "Subway or\n elevated": "1,611",
      "Subway or elevated %": "10.80%",
      "Railroad": "553",
      "Railroad %": "3.70%",
      "Bicycle": "312",
      "Bicycle %": "2.10%",
      "Walked": "249",
      "Walked %": "1.70%",
      "Other": "266",
      "Other %": "1.80%"
   },
   "Roxbury": {
      "Workers 16\nyears and over": "18,464",
      "Worked \nat home": "488",
      "Worked at home %": "2.60%",
      "Car, truck, or van": "8,314",
      "Car, truck, or van %": "45.00%",
      "Bus or trol-\nley bus": "4,761",
      "Bus or trolley %": "25.80%",
      "Subway or\n elevated": "2,271",
      "Subway or elevated %": "12.30%",
      "Railroad": "92",
      "Railroad %": "0.50%",
      "Bicycle": "290",
      "Bicycle %": "1.60%",
      "Walked": "1,953",
      "Walked %": "10.60%",
      "Other": "295",
      "Other %": "1.60%"
   },
   "South Boston": {
      "Workers 16\nyears and over": "21,050",
      "Worked \nat home": "584",
      "Worked at home %": "2.80%",
      "Car, truck, or van": "10,675",
      "Car, truck, or van %": "50.70%",
      "Bus or trol-\nley bus": "4,820",
      "Bus or trolley %": "22.90%",
      "Subway or\n elevated": "2,547",
      "Subway or elevated %": "12.10%",
      "Railroad": "24",
      "Railroad %": "0.10%",
      "Bicycle": "337",
      "Bicycle %": "1.60%",
      "Walked": "1,772",
      "Walked %": "8.40%",
      "Other": "291",
      "Other %": "1.40%"
   },
   "South Boston Waterfront": {
      "Workers 16\nyears and over": "2,099",
      "Worked \nat home": "100",
      "Worked at home %": "4.80%",
      "Car, truck, or van": "998",
      "Car, truck, or van %": "47.50%",
      "Bus or trol-\nley bus": "177",
      "Bus or trolley %": "8.40%",
      "Subway or\n elevated": "356",
      "Subway or elevated %": "17.00%",
      "Railroad": "8",
      "Railroad %": "0.40%",
      "Bicycle": "26",
      "Bicycle %": "1.20%",
      "Walked": "375",
      "Walked %": "17.90%",
      "Other": "59",
      "Other %": "2.80%"
   },
   "South End": {
      "Workers 16\nyears and over": "18,000",
      "Worked \nat home": "777",
      "Worked at home %": "4.30%",
      "Car, truck, or van": "5,711",
      "Car, truck, or van %": "31.70%",
      "Bus or trol-\nley bus": "2,546",
      "Bus or trolley %": "14.10%",
      "Subway or\n elevated": "2,711",
      "Subway or elevated %": "15.10%",
      "Railroad": "366",
      "Railroad %": "2.00%",
      "Bicycle": "534",
      "Bicycle %": "3.00%",
      "Walked": "5,207",
      "Walked %": "28.90%",
      "Other": "148",
      "Other %": "0.80%"
   },
   "West End": {
      "Workers 16\nyears and over": "3,258",
      "Worked \nat home": "98",
      "Worked at home %": "3.00%",
      "Car, truck, or van": "793",
      "Car, truck, or van %": "24.30%",
      "Bus or trol-\nley bus": "317",
      "Bus or trolley %": "9.70%",
      "Subway or\n elevated": "432",
      "Subway or elevated %": "13.30%",
      "Railroad": "22",
      "Railroad %": "0.70%",
      "Bicycle": "31",
      "Bicycle %": "1.00%",
      "Walked": "1,484",
      "Walked %": "45.50%",
      "Other": "81",
      "Other %": "2.50%"
   },
   "West Roxbury": {
      "Workers 16\nyears and over": "16,530",
      "Worked \nat home": "700",
      "Worked at home %": "4.20%",
      "Car, truck, or van": "12,941",
      "Car, truck, or van %": "78.30%",
      "Bus or trol-\nley bus": "975",
      "Bus or trolley %": "5.90%",
      "Subway or\n elevated": "900",
      "Subway or elevated %": "5.40%",
      "Railroad": "575",
      "Railroad %": "3.50%",
      "Bicycle": "49",
      "Bicycle %": "0.30%",
      "Walked": "225",
      "Walked %": "1.40%",
      "Other": "165",
      "Other %": "1.00%"
   }
}