{
  "1": {
    "Peak Service": 71.88,
    "Off-Peak Service": 72.04
  },
  "4": {
    "Peak Service": 61.2,
    "Off-Peak Service": 53.73
  },
  "5": {
    "Peak Service": 39.22,
    "Off-Peak Service": 71.68
  },
  "7": {
    "Peak Service": 75.08,
    "Off-Peak Service": 77.23
  },
  "8": {
    "Peak Service": 50.04,
    "Off-Peak Service": 56.29
  },
  "9": {
    "Peak Service": 72.78,
    "Off-Peak Service": 69.06
  },
  "10": {
    "Peak Service": 55.87,
    "Off-Peak Service": 63.4
  },
  "11": {
    "Peak Service": 70.57,
    "Off-Peak Service": 65.93
  },
  "14": {
    "Peak Service": 43.04,
    "Off-Peak Service": 52.02
  },
  "15": {
    "Peak Service": 74.34,
    "Off-Peak Service": 72.74
  },
  "16": {
    "Peak Service": 47.18,
    "Off-Peak Service": 60.32
  },
  "17": {
    "Peak Service": 58.41,
    "Off-Peak Service": 63.34
  },
  "18": {
    "Peak Service": 48.26,
    "Off-Peak Service": 61.26
  },
  "19": {
    "Peak Service": 46.38,
    "Off-Peak Service": 46.91
  },
  "21": {
    "Peak Service": 70.14,
    "Off-Peak Service": 70.49
  },
  "22": {
    "Peak Service": 72.97,
    "Off-Peak Service": 75.39
  },
  "23": {
    "Peak Service": 73.77,
    "Off-Peak Service": 72.82
  },
  "24": {
    "Peak Service": 70.06,
    "Off-Peak Service": 69.54
  },
  "26": {
    "Peak Service": 52.49,
    "Off-Peak Service": 69.04
  },
  "27": {
    "Peak Service": 50.06,
    "Off-Peak Service": 72.41
  },
  "28": {
    "Peak Service": 71.05,
    "Off-Peak Service": 73.52
  },
  "29": {
    "Peak Service": 45.04,
    "Off-Peak Service": 59.48
  },
  "30": {
    "Peak Service": 56.6,
    "Off-Peak Service": 70.01
  },
  "31": {
    "Peak Service": 78.78,
    "Off-Peak Service": 76.43
  },
  "32": {
    "Peak Service": 80.22,
    "Off-Peak Service": 79.68
  },
  "33": {
    "Peak Service": 63.85,
    "Off-Peak Service": 73.05
  },
  "34": {
    "Peak Service": 68.96,
    "Off-Peak Service": 70.09
  },
  "35": {
    "Peak Service": 63.97,
    "Off-Peak Service": 62.95
  },
  "36": {
    "Peak Service": 58.4,
    "Off-Peak Service": 69.91
  },
  "37": {
    "Peak Service": 64.25,
    "Off-Peak Service": 72.21
  },
  "38": {
    "Peak Service": 64.54,
    "Off-Peak Service": 80.17
  },
  "39": {
    "Peak Service": 79.8,
    "Off-Peak Service": 77.63
  },
  "40": {
    "Peak Service": 44.91,
    "Off-Peak Service": 61.43
  },
  "553": {
    "Peak Service": 52.5,
    "Off-Peak Service": 55.74
  },
  "42": {
    "Peak Service": 57.89,
    "Off-Peak Service": 68.13
  },
  "43": {
    "Peak Service": 52.0,
    "Off-Peak Service": 59.1
  },
  "556": {
    "Peak Service": 50.0,
    "Off-Peak Service": 50.14
  },
  "45": {
    "Peak Service": 68.31,
    "Off-Peak Service": 61.77
  },
  "558": {
    "Peak Service": 49.95,
    "Off-Peak Service": 44.62
  },
  "47": {
    "Peak Service": 57.67,
    "Off-Peak Service": 56.52
  },
  "50": {
    "Peak Service": 58.96,
    "Off-Peak Service": 68.49
  },
  "51": {
    "Peak Service": 61.73,
    "Off-Peak Service": 70.49
  },
  "52": {
    "Peak Service": 54.68,
    "Off-Peak Service": 64.22
  },
  "55": {
    "Peak Service": 68.9,
    "Off-Peak Service": 66.83
  },
  "57": {
    "Peak Service": 76.62,
    "Off-Peak Service": 78.71
  },
  "59": {
    "Peak Service": 66.59,
    "Off-Peak Service": 71.47
  },
  "60": {
    "Peak Service": 69.16,
    "Off-Peak Service": 73.48
  },
  "62": {
    "Peak Service": 61.19,
    "Off-Peak Service": 62.56
  },
  "Fairmount Line": {
    "Peak Service": 96.69,
    "Off-Peak Service": 97.05
  },
  "65": {
    "Peak Service": 73.89,
    "Off-Peak Service": 66.68
  },
  "66": {
    "Peak Service": 73.33,
    "Off-Peak Service": 73.95
  },
  "67": {
    "Peak Service": 65.86,
    "Off-Peak Service": 73.5
  },
  "68": {
    "Peak Service": 64.08,
    "Off-Peak Service": 76.16
  },
  "69": {
    "Peak Service": 75.24,
    "Off-Peak Service": 80.54
  },
  "70": {
    "Peak Service": 54.63,
    "Off-Peak Service": 63.48
  },
  "71": {
    "Peak Service": 77.68,
    "Off-Peak Service": 76.98
  },
  "72": {
    "Peak Service": 69.23,
    "Off-Peak Service": 82.63
  },
  "73": {
    "Peak Service": 82.55,
    "Off-Peak Service": 80.34
  },
  "74": {
    "Peak Service": 63.69,
    "Off-Peak Service": 80.69
  },
  "75": {
    "Peak Service": 63.38,
    "Off-Peak Service": 72.94
  },
  "Fitchburg Line": {
    "Peak Service": 81.11,
    "Off-Peak Service": 82.73
  },
  "77": {
    "Peak Service": 74.73,
    "Off-Peak Service": 77.47
  },
  "78": {
    "Peak Service": 55.47,
    "Off-Peak Service": 70.76
  },
  "79": {
    "Peak Service": 62.61,
    "Off-Peak Service": 79.05
  },
  "80": {
    "Peak Service": 61.8,
    "Off-Peak Service": 76.53
  },
  "83": {
    "Peak Service": 65.78,
    "Off-Peak Service": 76.08
  },
  "84": {
    "Peak Service": 66.66,
    "Off-Peak Service": 65.64
  },
  "Green-B Line": {
    "Peak Service": 20.86,
    "Off-Peak Service": 19.2
  },
  "86": {
    "Peak Service": 57.45,
    "Off-Peak Service": 63.01
  },
  "87": {
    "Peak Service": 61.53,
    "Off-Peak Service": 73.82
  },
  "88": {
    "Peak Service": 71.62,
    "Off-Peak Service": 79.35
  },
  "89": {
    "Peak Service": 57.5,
    "Off-Peak Service": 68.55
  },
  "90": {
    "Peak Service": 60.69,
    "Off-Peak Service": 66.74
  },
  "91": {
    "Peak Service": 49.68,
    "Off-Peak Service": 58.08
  },
  "92": {
    "Peak Service": 62.63,
    "Off-Peak Service": 72.39
  },
  "93": {
    "Peak Service": 67.45,
    "Off-Peak Service": 67.24
  },
  "94": {
    "Peak Service": 65.11,
    "Off-Peak Service": 79.7
  },
  "95": {
    "Peak Service": 55.7,
    "Off-Peak Service": 70.64
  },
  "96": {
    "Peak Service": 62.89,
    "Off-Peak Service": 65.69
  },
  "97": {
    "Peak Service": 52.1,
    "Off-Peak Service": 66.39
  },
  "99": {
    "Peak Service": 51.98,
    "Off-Peak Service": 64.85
  },
  "100": {
    "Peak Service": 61.04,
    "Off-Peak Service": 83.85
  },
  "101": {
    "Peak Service": 65.95,
    "Off-Peak Service": 66.97
  },
  "104": {
    "Peak Service": 57.16,
    "Off-Peak Service": 55.79
  },
  "105": {
    "Peak Service": 41.44,
    "Off-Peak Service": 53.53
  },
  "106": {
    "Peak Service": 62.61,
    "Off-Peak Service": 67.15
  },
  "Providence Line": {
    "Peak Service": 85.37,
    "Off-Peak Service": 88.81
  },
  "108": {
    "Peak Service": 56.12,
    "Off-Peak Service": 65.19
  },
  "109": {
    "Peak Service": 64.12,
    "Off-Peak Service": 58.77
  },
  "110": {
    "Peak Service": 62.13,
    "Off-Peak Service": 69.19
  },
  "111": {
    "Peak Service": 78.08,
    "Off-Peak Service": 79.13
  },
  "112": {
    "Peak Service": 42.54,
    "Off-Peak Service": 56.51
  },
  "Needham Line": {
    "Peak Service": 82.59,
    "Off-Peak Service": 92.96
  },
  "114": {
    "Peak Service": 63.13,
    "Off-Peak Service": 70.15
  },
  "116": {
    "Peak Service": 71.1,
    "Off-Peak Service": 76.14
  },
  "117": {
    "Peak Service": 74.86,
    "Off-Peak Service": 77.74
  },
  "119": {
    "Peak Service": 63.84,
    "Off-Peak Service": 72.44
  },
  "120": {
    "Peak Service": 58.85,
    "Off-Peak Service": 75.98
  },
  "121": {
    "Peak Service": 75.56,
    "Off-Peak Service": 84.59
  },
  "Greenbush Line": {
    "Peak Service": 94.56,
    "Off-Peak Service": 96.54
  },
  "131": {
    "Peak Service": 69.26,
    "Off-Peak Service": 53.28
  },
  "132": {
    "Peak Service": 71.18,
    "Off-Peak Service": 77.29
  },
  "134": {
    "Peak Service": 60.9,
    "Off-Peak Service": 73.73
  },
  "136": {
    "Peak Service": 49.18,
    "Off-Peak Service": 62.61
  },
  "137": {
    "Peak Service": 40.33,
    "Off-Peak Service": 55.17
  },
  "Green-E Line": {
    "Peak Service": 24.97,
    "Off-Peak Service": 22.62
  },
  "Haverhill Line": {
    "Peak Service": 86.13,
    "Off-Peak Service": 85.83
  },
  "170": {
    "Peak Service": 56.27,
    "Off-Peak Service": 80.68
  },
  "171": {
    "Peak Service": "",
    "Off-Peak Service": 50.2
  },
  "Worcester Line": {
    "Peak Service": 73.4,
    "Off-Peak Service": 80.22
  },
  "72/75": {
    "Peak Service": 89.62,
    "Off-Peak Service": 75.46
  },
  "Lowell Line": {
    "Peak Service": 89.69,
    "Off-Peak Service": 93.44
  },
  "191": {
    "Peak Service": "",
    "Off-Peak Service": 76.19
  },
  "192": {
    "Peak Service": "",
    "Off-Peak Service": 56.32
  },
  "193": {
    "Peak Service": "",
    "Off-Peak Service": 74.43
  },
  "194": {
    "Peak Service": "",
    "Off-Peak Service": 80.86
  },
  "195": {
    "Peak Service": 43.52,
    "Off-Peak Service": 62.5
  },
  "Kingston/Plymouth Line": {
    "Peak Service": 92.28,
    "Off-Peak Service": 95.14
  },
  "CT3": {
    "Peak Service": 49.68,
    "Off-Peak Service": 53.78
  },
  "201": {
    "Peak Service": 68.62,
    "Off-Peak Service": 70.83
  },
  "202": {
    "Peak Service": 59.76,
    "Off-Peak Service": 64.74
  },
  "62/76": {
    "Peak Service": "",
    "Off-Peak Service": 60.87
  },
  "210": {
    "Peak Service": 56.93,
    "Off-Peak Service": 59.26
  },
  "211": {
    "Peak Service": 51.42,
    "Off-Peak Service": 56.9
  },
  "212": {
    "Peak Service": 56.51,
    "Off-Peak Service": 62.43
  },
  "214": {
    "Peak Service": 78.57,
    "Off-Peak Service": 72.0
  },
  "215": {
    "Peak Service": 43.99,
    "Off-Peak Service": 63.65
  },
  "216": {
    "Peak Service": 79.94,
    "Off-Peak Service": 73.71
  },
  "217": {
    "Peak Service": 55.98,
    "Off-Peak Service": 57.12
  },
  "220": {
    "Peak Service": 65.18,
    "Off-Peak Service": 64.27
  },
  "221": {
    "Peak Service": 59.86,
    "Off-Peak Service": 53.33
  },
  "222": {
    "Peak Service": 63.79,
    "Off-Peak Service": 68.69
  },
  "225": {
    "Peak Service": 62.91,
    "Off-Peak Service": 68.4
  },
  "230": {
    "Peak Service": 51.47,
    "Off-Peak Service": 65.6
  },
  "SL2": {
    "Peak Service": 89.73,
    "Off-Peak Service": 87.47
  },
  "746": {
    "Peak Service": 90.04,
    "Off-Peak Service": 88.55
  },
  "236": {
    "Peak Service": 53.1,
    "Off-Peak Service": 62.91
  },
  "238": {
    "Peak Service": 50.8,
    "Off-Peak Service": 59.03
  },
  "240": {
    "Peak Service": 50.01,
    "Off-Peak Service": 62.46
  },
  "Green-D Line": {
    "Peak Service": 21.37,
    "Off-Peak Service": 21.87
  },
  "Blue Line": {
    "Peak Service": 3.76,
    "Off-Peak Service": 4.79
  },
  "245": {
    "Peak Service": 62.24,
    "Off-Peak Service": 59.43
  },
  "41": {
    "Peak Service": 38.32,
    "Off-Peak Service": 43.82
  },
  "554": {
    "Peak Service": 55.6,
    "Off-Peak Service": 57.86
  },
  "44": {
    "Peak Service": 64.0,
    "Off-Peak Service": 63.5
  },
  "Red Line": {
    "Peak Service": 6.87,
    "Off-Peak Service": 7.6
  },
  "34E": {
    "Peak Service": 47.63,
    "Off-Peak Service": 58.56
  },
  "SL5": {
    "Peak Service": 79.05,
    "Off-Peak Service": 78.06
  },
  "Newburyport Line": {
    "Peak Service": 83.9,
    "Off-Peak Service": 89.94
  },
  "CT1": {
    "Peak Service": 49.19,
    "Off-Peak Service": 53.28
  },
  "57A": {
    "Peak Service": 74.25,
    "Off-Peak Service": 78.73
  },
  "325": {
    "Peak Service": 51.01,
    "Off-Peak Service": 58.58
  },
  "326": {
    "Peak Service": 61.35,
    "Off-Peak Service": 69.03
  },
  "Middleboro Line": {
    "Peak Service": 91.45,
    "Off-Peak Service": 93.28
  },
  "SL4": {
    "Peak Service": 74.43,
    "Off-Peak Service": 78.28
  },
  "350": {
    "Peak Service": 54.16,
    "Off-Peak Service": 63.88
  },
  "351": {
    "Peak Service": 72.94,
    "Off-Peak Service": 66.52
  },
  "352": {
    "Peak Service": 64.71,
    "Off-Peak Service": 76.47
  },
  "354": {
    "Peak Service": 47.9,
    "Off-Peak Service": 57.32
  },
  "Rockport  Line": {
    "Peak Service": 85.01,
    "Off-Peak Service": 90.65
  },
  "Stoughton Line": {
    "Peak Service": 77.71,
    "Off-Peak Service": 90.6
  },
  "64": {
    "Peak Service": 55.85,
    "Off-Peak Service": 67.89
  },
  "Orange Line": {
    "Peak Service": 5.65,
    "Off-Peak Service": 5.43
  },
  "411": {
    "Peak Service": 45.77,
    "Off-Peak Service": 52.05
  },
  "CT2": {
    "Peak Service": 44.38,
    "Off-Peak Service": 56.26
  },
  "Franklin Line": {
    "Peak Service": 85.05,
    "Off-Peak Service": 89.05
  },
  "424": {
    "Peak Service": 53.54,
    "Off-Peak Service": 78.35
  },
  "426": {
    "Peak Service": 59.65,
    "Off-Peak Service": 65.93
  },
  "428": {
    "Peak Service": 57.69,
    "Off-Peak Service": 42.14
  },
  "429": {
    "Peak Service": 60.89,
    "Off-Peak Service": 61.03
  },
  "430": {
    "Peak Service": 54.83,
    "Off-Peak Service": 56.8
  },
  "434": {
    "Peak Service": 40.09,
    "Off-Peak Service": ""
  },
  "435": {
    "Peak Service": 48.12,
    "Off-Peak Service": 63.39
  },
  "436": {
    "Peak Service": 60.52,
    "Off-Peak Service": 65.36
  },
  "439": {
    "Peak Service": 57.85,
    "Off-Peak Service": 71.3
  },
  "441": {
    "Peak Service": 69.15,
    "Off-Peak Service": 63.39
  },
  "442": {
    "Peak Service": 68.63,
    "Off-Peak Service": 70.05
  },
  "70A": {
    "Peak Service": 46.49,
    "Off-Peak Service": 54.55
  },
  "448": {
    "Peak Service": 47.6,
    "Off-Peak Service": 34.52
  },
  "449": {
    "Peak Service": 43.51,
    "Off-Peak Service": 54.4
  },
  "450": {
    "Peak Service": 53.18,
    "Off-Peak Service": 61.39
  },
  "451": {
    "Peak Service": 64.89,
    "Off-Peak Service": 53.78
  },
  "455": {
    "Peak Service": 52.62,
    "Off-Peak Service": 65.71
  },
  "456": {
    "Peak Service": 76.72,
    "Off-Peak Service": 77.7
  },
  "76": {
    "Peak Service": 59.79,
    "Off-Peak Service": 70.3
  },
  "459": {
    "Peak Service": 44.44,
    "Off-Peak Service": 47.32
  },
  "465": {
    "Peak Service": 56.48,
    "Off-Peak Service": 60.71
  },
  "SL1": {
    "Peak Service": 82.4,
    "Off-Peak Service": 85.45
  },
  "9701": {
    "Peak Service": "",
    "Off-Peak Service": 63.78
  },
  "9702": {
    "Peak Service": "",
    "Off-Peak Service": 67.62
  },
  "9703": {
    "Peak Service": "",
    "Off-Peak Service": 42.06
  },
  "Green-C Line": {
    "Peak Service": 25.26,
    "Off-Peak Service": 24.96
  },
  "501": {
    "Peak Service": 74.79,
    "Off-Peak Service": 74.83
  },
  "502": {
    "Peak Service": 84.3,
    "Off-Peak Service": 83.16
  },
  "503": {
    "Peak Service": 73.05,
    "Off-Peak Service": 74.97
  },
  "504": {
    "Peak Service": 75.95,
    "Off-Peak Service": 62.57
  },
  "505": {
    "Peak Service": 64.1,
    "Off-Peak Service": 66.87
  },
  "85": {
    "Peak Service": 72.75,
    "Off-Peak Service": 80.08
  }
}