{
   "Massachusetts": {
      "White alone": "4,992,644",
      "White %": "75.00%",
      "Black or African\nAmerican alone": "423,855",
      "Black or AfricanAmerican %": "6.40%",
      "Hispanic or Latino": "681,824",
      "Hispanic or Latino %": "10.20%",
      "Asian alone": "382,741",
      "Asian %": "5.70%",
      "Other": "176,227",
      "Other %": "2.60%"
   },
   "Boston": {
      "White alone": "294,432",
      "White %": "46.00%",
      "Black or African\nAmerican alone": "145,112",
      "Black or AfricanAmerican %": "22.70%",
      "Hispanic or Latino": "117,514",
      "Hispanic or Latino %": "18.40%",
      "Asian alone": "58,090",
      "Asian %": "9.10%",
      "Other": "24,446",
      "Other %": "3.80%"
   },
   "Allston": {
      "White alone": "11,837",
      "White %": "59.50%",
      "Black or African\nAmerican alone": "1,243",
      "Black or AfricanAmerican %": "6.20%",
      "Hispanic or Latino": "2,935",
      "Hispanic or Latino %": "14.80%",
      "Asian alone": "3,169",
      "Asian %": "15.90%",
      "Other": "708",
      "Other %": "3.60%"
   },
   "Back Bay": {
      "White alone": "14,094",
      "White %": "79.40%",
      "Black or African\nAmerican alone": "621",
      "Black or AfricanAmerican %": "3.50%",
      "Hispanic or Latino": "1,093",
      "Hispanic or Latino %": "6.20%",
      "Asian alone": "1,633",
      "Asian %": "9.20%",
      "Other": "318",
      "Other %": "1.80%"
   },
   "Beacon Hill": {
      "White alone": "7,838",
      "White %": "86.20%",
      "Black or African\nAmerican alone": "141",
      "Black or AfricanAmerican %": "1.50%",
      "Hispanic or Latino": "344",
      "Hispanic or Latino %": "3.80%",
      "Asian alone": "660",
      "Asian %": "7.30%",
      "Other": "114",
      "Other %": "1.30%"
   },
   "Brighton": {
      "White alone": "30,117",
      "White %": "67.10%",
      "Black or African\nAmerican alone": "1,766",
      "Black or AfricanAmerican %": "3.90%",
      "Hispanic or Latino": "4,661",
      "Hispanic or Latino %": "10.40%",
      "Asian alone": "7,066",
      "Asian %": "15.70%",
      "Other": "1,273",
      "Other %": "2.80%"
   },
   "Charlestown": {
      "White alone": "12,734",
      "White %": "70.90%",
      "Black or African\nAmerican alone": "1,412",
      "Black or AfricanAmerican %": "7.90%",
      "Hispanic or Latino": "1,884",
      "Hispanic or Latino %": "10.50%",
      "Asian alone": "1,514",
      "Asian %": "8.40%",
      "Other": "410",
      "Other %": "2.30%"
   },
   "Dorchester": {
      "White alone": "27,133",
      "White %": "22.10%",
      "Black or African\nAmerican alone": "53,418",
      "Black or AfricanAmerican %": "43.60%",
      "Hispanic or Latino": "20,292",
      "Hispanic or Latino %": "16.60%",
      "Asian alone": "12,573",
      "Asian %": "10.30%",
      "Other": "9,182",
      "Other %": "7.50%"
   },
   "Downtown": {
      "White alone": "9,696",
      "White %": "59.10%",
      "Black or African\nAmerican alone": "565",
      "Black or AfricanAmerican %": "3.40%",
      "Hispanic or Latino": "909",
      "Hispanic or Latino %": "5.50%",
      "Asian alone": "4,586",
      "Asian %": "27.90%",
      "Other": "654",
      "Other %": "4.00%"
   },
   "East Boston": {
      "White alone": "14,439",
      "White %": "32.40%",
      "Black or African\nAmerican alone": "1,241",
      "Black or AfricanAmerican %": "2.80%",
      "Hispanic or Latino": "25,652",
      "Hispanic or Latino %": "57.60%",
      "Asian alone": "1,534",
      "Asian %": "3.40%",
      "Other": "1,646",
      "Other %": "3.70%"
   },
   "Fenway": {
      "White alone": "20,870",
      "White %": "64.40%",
      "Black or African\nAmerican alone": "1,438",
      "Black or AfricanAmerican %": "4.40%",
      "Hispanic or Latino": "3,115",
      "Hispanic or Latino %": "9.60%",
      "Asian alone": "6,082",
      "Asian %": "18.80%",
      "Other": "894",
      "Other %": "2.80%"
   },
   "Harbor Islands": {
      "White alone": "184",
      "White %": "54.90%",
      "Black or African\nAmerican alone": "94",
      "Black or AfricanAmerican %": "28.10%",
      "Hispanic or Latino": "41",
      "Hispanic or Latino %": "12.20%",
      "Asian alone": "-",
      "Asian %": "-",
      "Other": "16",
      "Other %": "4.80%"
   },
   "Hyde Park": {
      "White alone": "9,597",
      "White %": "27.10%",
      "Black or African\nAmerican alone": "16,021",
      "Black or AfricanAmerican %": "45.30%",
      "Hispanic or Latino": "8,162",
      "Hispanic or Latino %": "23.10%",
      "Asian alone": "637",
      "Asian %": "1.80%",
      "Other": "982",
      "Other %": "2.80%"
   },
   "Jamaica Plain": {
      "White alone": "20,860",
      "White %": "54.30%",
      "Black or African\nAmerican alone": "4,769",
      "Black or AfricanAmerican %": "12.40%",
      "Hispanic or Latino": "9,376",
      "Hispanic or Latino %": "24.40%",
      "Asian alone": "2,293",
      "Asian %": "6.00%",
      "Other": "1,127",
      "Other %": "2.90%"
   },
   "Longwood": {
      "White alone": "3,660",
      "White %": "70.40%",
      "Black or African\nAmerican alone": "311",
      "Black or AfricanAmerican %": "6.00%",
      "Hispanic or Latino": "421",
      "Hispanic or Latino %": "8.10%",
      "Asian alone": "564",
      "Asian %": "10.80%",
      "Other": "246",
      "Other %": "4.70%"
   },
   "Mattapan": {
      "White alone": "1,469",
      "White %": "6.10%",
      "Black or African\nAmerican alone": "17,826",
      "Black or AfricanAmerican %": "74.10%",
      "Hispanic or Latino": "3,611",
      "Hispanic or Latino %": "15.00%",
      "Asian alone": "544",
      "Asian %": "2.30%",
      "Other": "593",
      "Other %": "2.50%"
   },
   "Mission Hill": {
      "White alone": "8,721",
      "White %": "51.30%",
      "Black or African\nAmerican alone": "2,834",
      "Black or AfricanAmerican %": "16.70%",
      "Hispanic or Latino": "2,659",
      "Hispanic or Latino %": "15.70%",
      "Asian alone": "2,392",
      "Asian %": "14.10%",
      "Other": "381",
      "Other %": "2.20%"
   },
   "North End": {
      "White alone": "8,358",
      "White %": "90.60%",
      "Black or African\nAmerican alone": "49",
      "Black or AfricanAmerican %": "0.50%",
      "Hispanic or Latino": "270",
      "Hispanic or Latino %": "2.90%",
      "Asian alone": "370",
      "Asian %": "4.00%",
      "Other": "182",
      "Other %": "2.00%"
   },
   "Roslindale": {
      "White alone": "13,846",
      "White %": "48.30%",
      "Black or African\nAmerican alone": "6,138",
      "Black or AfricanAmerican %": "21.40%",
      "Hispanic or Latino": "6,964",
      "Hispanic or Latino %": "24.30%",
      "Asian alone": "758",
      "Asian %": "2.60%",
      "Other": "964",
      "Other %": "3.40%"
   },
   "Roxbury": {
      "White alone": "5,301",
      "White %": "10.80%",
      "Black or African\nAmerican alone": "26,317",
      "Black or AfricanAmerican %": "53.70%",
      "Hispanic or Latino": "14,162",
      "Hispanic or Latino %": "28.90%",
      "Asian alone": "1,274",
      "Asian %": "2.60%",
      "Other": "1,974",
      "Other %": "4.00%"
   },
   "South Boston": {
      "White alone": "26,270",
      "White %": "77.50%",
      "Black or African\nAmerican alone": "1,896",
      "Black or AfricanAmerican %": "5.60%",
      "Hispanic or Latino": "3,216",
      "Hispanic or Latino %": "9.50%",
      "Asian alone": "1,706",
      "Asian %": "5.00%",
      "Other": "788",
      "Other %": "2.30%"
   },
   "South Boston Waterfront": {
      "White alone": "2,276",
      "White %": "84.80%",
      "Black or African\nAmerican alone": "22",
      "Black or AfricanAmerican %": "0.80%",
      "Hispanic or Latino": "33",
      "Hispanic or Latino %": "1.20%",
      "Asian alone": "248",
      "Asian %": "9.20%",
      "Other": "106",
      "Other %": "3.90%"
   },
   "South End": {
      "White alone": "17,623",
      "White %": "55.50%",
      "Black or African\nAmerican alone": "3,986",
      "Black or AfricanAmerican %": "12.60%",
      "Hispanic or Latino": "3,960",
      "Hispanic or Latino %": "12.50%",
      "Asian alone": "5,167",
      "Asian %": "16.30%",
      "Other": "1,006",
      "Other %": "3.20%"
   },
   "West End": {
      "White alone": "3,664",
      "White %": "60.10%",
      "Black or African\nAmerican alone": "323",
      "Black or AfricanAmerican %": "5.30%",
      "Hispanic or Latino": "539",
      "Hispanic or Latino %": "8.80%",
      "Asian alone": "1,411",
      "Asian %": "23.10%",
      "Other": "159",
      "Other %": "2.60%"
   }
}